<?xml version="1.0" encoding="UTF-8"?>
<project-shared-configuration>

    <properties xmlns="http://www.netbeans.org/ns/maven-properties-data/1">

        <org-netbeans-modules-maven-j2ee.netbeans_2e_hint_2e_j2eeVersion>1.8-web</org-netbeans-modules-maven-j2ee.netbeans_2e_hint_2e_j2eeVersion>
        <org-netbeans-modules-maven-j2ee.netbeans_2e_hint_2e_deploy_2e_server>gfv5ee8</org-netbeans-modules-maven-j2ee.netbeans_2e_hint_2e_deploy_2e_server>
        <org-netbeans-modules-maven-jaxws.rest_2e_config_2e_type>ide</org-netbeans-modules-maven-jaxws.rest_2e_config_2e_type>
        <org-netbeans-modules-projectapi.jsf_2e_language>Facelets</org-netbeans-modules-projectapi.jsf_2e_language>
    </properties>
</project-shared-configuration>
